"","Material","Disposition","variable","value"
"1","Cardboard/Kraft","combustion","2015 Weight",0
"2","Cardboard/Kraft","composting","2015 Weight",0
"3","Cardboard/Kraft","landfilling","2015 Weight",2200
"4","Cardboard/Kraft","recycling","2015 Weight",6600
"5","Electronics","landfilling","2015 Weight",500
"6","Electronics","recycling","2015 Weight",400
"7","Food Waste","anaerobicDigestion","2015 Weight",0
"8","Food Waste","combustion","2015 Weight",0
"9","Food Waste","composting","2015 Weight",600
"10","Food Waste","landfilling","2015 Weight",9200
"11","Glass Containers","landfilling","2015 Weight",700
"12","Glass Containers","recycling","2015 Weight",1800
"13","Glass Containers","useAsAggregate","2015 Weight",0
"14","Nonrecyclables","landfilling","2015 Weight",10400
"15","Paper Fiber","combustion","2015 Weight",0
"16","Paper Fiber","landfilling","2015 Weight",7500
"17","Paper Fiber","recycling","2015 Weight",4400
"18","Rigid Plastic Cont.","combustion","2015 Weight",0
"19","Rigid Plastic Cont.","landfilling","2015 Weight",1200
"20","Rigid Plastic Cont.","recycling","2015 Weight",500
"21","Scrap Metal - Other","landfilling","2015 Weight",2100
"22","Scrap Metal - Other","recycling","2015 Weight",3200
"23","Wood Waste","combustion","2015 Weight",400
"24","Wood Waste","composting","2015 Weight",100
"25","Wood Waste","landfilling","2015 Weight",9500
"26","Wood Waste","recycling","2015 Weight",0
"27","Yard Debris","anaerobicDigestion","2015 Weight",0
"28","Yard Debris","combustion","2015 Weight",0
"29","Yard Debris","composting","2015 Weight",13600
"30","Yard Debris","landfilling","2015 Weight",2000
"31","Cardboard/Kraft","combustion","2015 Weight",0
"32","Cardboard/Kraft","composting","2015 Weight",0
"33","Cardboard/Kraft","landfilling","2015 Weight",1200
"34","Cardboard/Kraft","recycling","2015 Weight",4100
"35","Electronics","landfilling","2015 Weight",300
"36","Electronics","recycling","2015 Weight",100
"37","Food Waste","anaerobicDigestion","2015 Weight",0
"38","Food Waste","combustion","2015 Weight",0
"39","Food Waste","composting","2015 Weight",0
"40","Food Waste","landfilling","2015 Weight",5100
"41","Glass Containers","landfilling","2015 Weight",400
"42","Glass Containers","recycling","2015 Weight",1300
"43","Glass Containers","useAsAggregate","2015 Weight",0
"44","Nonrecyclables","landfilling","2015 Weight",5700
"45","Paper Fiber","combustion","2015 Weight",0
"46","Paper Fiber","landfilling","2015 Weight",4100
"47","Paper Fiber","recycling","2015 Weight",1800
"48","Rigid Plastic Cont.","combustion","2015 Weight",0
"49","Rigid Plastic Cont.","landfilling","2015 Weight",600
"50","Rigid Plastic Cont.","recycling","2015 Weight",200
"51","Scrap Metal - Other","landfilling","2015 Weight",1100
"52","Scrap Metal - Other","recycling","2015 Weight",2900
"53","Wood Waste","combustion","2015 Weight",3900
"54","Wood Waste","composting","2015 Weight",0
"55","Wood Waste","landfilling","2015 Weight",5200
"56","Wood Waste","recycling","2015 Weight",0
"57","Yard Debris","anaerobicDigestion","2015 Weight",0
"58","Yard Debris","combustion","2015 Weight",3900
"59","Yard Debris","composting","2015 Weight",500
"60","Yard Debris","landfilling","2015 Weight",1100
"61","Cardboard/Kraft","combustion","2015 Weight",0
"62","Cardboard/Kraft","composting","2015 Weight",0
"63","Cardboard/Kraft","landfilling","2015 Weight",1600
"64","Cardboard/Kraft","recycling","2015 Weight",3800
"65","Electronics","landfilling","2015 Weight",400
"66","Electronics","recycling","2015 Weight",200
"67","Food Waste","anaerobicDigestion","2015 Weight",0
"68","Food Waste","combustion","2015 Weight",0
"69","Food Waste","composting","2015 Weight",100
"70","Food Waste","landfilling","2015 Weight",6800
"71","Glass Containers","landfilling","2015 Weight",500
"72","Glass Containers","recycling","2015 Weight",1000
"73","Glass Containers","useAsAggregate","2015 Weight",0
"74","Nonrecyclables","landfilling","2015 Weight",7700
"75","Paper Fiber","combustion","2015 Weight",0
"76","Paper Fiber","landfilling","2015 Weight",5500
"77","Paper Fiber","recycling","2015 Weight",2100
"78","Rigid Plastic Cont.","combustion","2015 Weight",0
"79","Rigid Plastic Cont.","landfilling","2015 Weight",900
"80","Rigid Plastic Cont.","recycling","2015 Weight",400
"81","Scrap Metal - Other","landfilling","2015 Weight",1500
"82","Scrap Metal - Other","recycling","2015 Weight",3900
"83","Wood Waste","combustion","2015 Weight",0
"84","Wood Waste","composting","2015 Weight",0
"85","Wood Waste","landfilling","2015 Weight",7000
"86","Wood Waste","recycling","2015 Weight",0
"87","Yard Debris","anaerobicDigestion","2015 Weight",0
"88","Yard Debris","combustion","2015 Weight",0
"89","Yard Debris","composting","2015 Weight",0
"90","Yard Debris","landfilling","2015 Weight",1400
"91","Cardboard/Kraft","combustion","2015 Weight",0
"92","Cardboard/Kraft","composting","2015 Weight",0
"93","Cardboard/Kraft","landfilling","2015 Weight",5600
"94","Cardboard/Kraft","recycling","2015 Weight",13300
"95","Electronics","landfilling","2015 Weight",1300
"96","Electronics","recycling","2015 Weight",1100
"97","Food Waste","anaerobicDigestion","2015 Weight",0
"98","Food Waste","combustion","2015 Weight",0
"99","Food Waste","composting","2015 Weight",800
"100","Food Waste","landfilling","2015 Weight",24000
"101","Glass Containers","landfilling","2015 Weight",1800
"102","Glass Containers","recycling","2015 Weight",6700
"103","Glass Containers","useAsAggregate","2015 Weight",0
"104","Nonrecyclables","landfilling","2015 Weight",27100
"105","Paper Fiber","combustion","2015 Weight",0
"106","Paper Fiber","landfilling","2015 Weight",19500
"107","Paper Fiber","recycling","2015 Weight",9400
"108","Rigid Plastic Cont.","combustion","2015 Weight",0
"109","Rigid Plastic Cont.","landfilling","2015 Weight",3000
"110","Rigid Plastic Cont.","recycling","2015 Weight",1000
"111","Scrap Metal - Other","landfilling","2015 Weight",5400
"112","Scrap Metal - Other","recycling","2015 Weight",7700
"113","Wood Waste","combustion","2015 Weight",100
"114","Wood Waste","composting","2015 Weight",3600
"115","Wood Waste","landfilling","2015 Weight",24600
"116","Wood Waste","recycling","2015 Weight",2500
"117","Yard Debris","anaerobicDigestion","2015 Weight",0
"118","Yard Debris","combustion","2015 Weight",0
"119","Yard Debris","composting","2015 Weight",26800
"120","Yard Debris","landfilling","2015 Weight",5100
"121","Cardboard/Kraft","combustion","2015 Weight",0
"122","Cardboard/Kraft","composting","2015 Weight",0
"123","Cardboard/Kraft","landfilling","2015 Weight",1700
"124","Cardboard/Kraft","recycling","2015 Weight",3900
"125","Electronics","landfilling","2015 Weight",400
"126","Electronics","recycling","2015 Weight",200
"127","Food Waste","anaerobicDigestion","2015 Weight",0
"128","Food Waste","combustion","2015 Weight",0
"129","Food Waste","composting","2015 Weight",200
"130","Food Waste","landfilling","2015 Weight",7100
"131","Glass Containers","landfilling","2015 Weight",500
"132","Glass Containers","recycling","2015 Weight",1100
"133","Glass Containers","useAsAggregate","2015 Weight",0
"134","Nonrecyclables","landfilling","2015 Weight",8000
"135","Paper Fiber","combustion","2015 Weight",0
"136","Paper Fiber","landfilling","2015 Weight",5800
"137","Paper Fiber","recycling","2015 Weight",2600
"138","Rigid Plastic Cont.","combustion","2015 Weight",0
"139","Rigid Plastic Cont.","landfilling","2015 Weight",900
"140","Rigid Plastic Cont.","recycling","2015 Weight",400
"141","Scrap Metal - Other","landfilling","2015 Weight",1600
"142","Scrap Metal - Other","recycling","2015 Weight",2000
"143","Wood Waste","combustion","2015 Weight",2100
"144","Wood Waste","composting","2015 Weight",700
"145","Wood Waste","landfilling","2015 Weight",7300
"146","Wood Waste","recycling","2015 Weight",0
"147","Yard Debris","anaerobicDigestion","2015 Weight",0
"148","Yard Debris","combustion","2015 Weight",0
"149","Yard Debris","composting","2015 Weight",1500
"150","Yard Debris","landfilling","2015 Weight",1500
"151","Cardboard/Kraft","combustion","2015 Weight",0
"152","Cardboard/Kraft","composting","2015 Weight",0
"153","Cardboard/Kraft","landfilling","2015 Weight",800
"154","Cardboard/Kraft","recycling","2015 Weight",5000
"155","Electronics","landfilling","2015 Weight",200
"156","Electronics","recycling","2015 Weight",0
"157","Food Waste","anaerobicDigestion","2015 Weight",0
"158","Food Waste","combustion","2015 Weight",0
"159","Food Waste","composting","2015 Weight",200
"160","Food Waste","landfilling","2015 Weight",3300
"161","Glass Containers","landfilling","2015 Weight",300
"162","Glass Containers","recycling","2015 Weight",400
"163","Glass Containers","useAsAggregate","2015 Weight",0
"164","Nonrecyclables","landfilling","2015 Weight",3700
"165","Paper Fiber","combustion","2015 Weight",0
"166","Paper Fiber","landfilling","2015 Weight",2700
"167","Paper Fiber","recycling","2015 Weight",400
"168","Rigid Plastic Cont.","combustion","2015 Weight",0
"169","Rigid Plastic Cont.","landfilling","2015 Weight",400
"170","Rigid Plastic Cont.","recycling","2015 Weight",100
"171","Scrap Metal - Other","landfilling","2015 Weight",700
"172","Scrap Metal - Other","recycling","2015 Weight",200
"173","Wood Waste","combustion","2015 Weight",0
"174","Wood Waste","composting","2015 Weight",0
"175","Wood Waste","landfilling","2015 Weight",3400
"176","Wood Waste","recycling","2015 Weight",0
"177","Yard Debris","anaerobicDigestion","2015 Weight",0
"178","Yard Debris","combustion","2015 Weight",0
"179","Yard Debris","composting","2015 Weight",300
"180","Yard Debris","landfilling","2015 Weight",700
"181","Cardboard/Kraft","combustion","2015 Weight",0
"182","Cardboard/Kraft","composting","2015 Weight",0
"183","Cardboard/Kraft","landfilling","2015 Weight",44100
"184","Cardboard/Kraft","recycling","2015 Weight",180900
"185","Electronics","landfilling","2015 Weight",10500
"186","Electronics","recycling","2015 Weight",6800
"187","Food Waste","anaerobicDigestion","2015 Weight",0
"188","Food Waste","combustion","2015 Weight",0
"189","Food Waste","composting","2015 Weight",44600
"190","Food Waste","landfilling","2015 Weight",187900
"191","Glass Containers","landfilling","2015 Weight",14200
"192","Glass Containers","recycling","2015 Weight",57300
"193","Glass Containers","useAsAggregate","2015 Weight",0
"194","Nonrecyclables","landfilling","2015 Weight",212300
"195","Paper Fiber","combustion","2015 Weight",0
"196","Paper Fiber","landfilling","2015 Weight",152200
"197","Paper Fiber","recycling","2015 Weight",149900
"198","Rigid Plastic Cont.","combustion","2015 Weight",0
"199","Rigid Plastic Cont.","landfilling","2015 Weight",23600
"200","Rigid Plastic Cont.","recycling","2015 Weight",9900
"201","Scrap Metal - Other","landfilling","2015 Weight",42100
"202","Scrap Metal - Other","recycling","2015 Weight",206700
"203","Wood Waste","combustion","2015 Weight",97300
"204","Wood Waste","composting","2015 Weight",8800
"205","Wood Waste","landfilling","2015 Weight",192700
"206","Wood Waste","recycling","2015 Weight",19600
"207","Yard Debris","anaerobicDigestion","2015 Weight",0
"208","Yard Debris","combustion","2015 Weight",14300
"209","Yard Debris","composting","2015 Weight",205800
"210","Yard Debris","landfilling","2015 Weight",39900
"211","Cardboard/Kraft","combustion","2015 Weight",0
"212","Cardboard/Kraft","composting","2015 Weight",0
"213","Cardboard/Kraft","landfilling","2015 Weight",106700
"214","Cardboard/Kraft","recycling","2015 Weight",365900
"215","Electronics","landfilling","2015 Weight",25500
"216","Electronics","recycling","2015 Weight",18300
"217","Food Waste","anaerobicDigestion","2015 Weight",0
"218","Food Waste","combustion","2015 Weight",1100
"219","Food Waste","composting","2015 Weight",56100
"220","Food Waste","landfilling","2015 Weight",455000
"221","Glass Containers","landfilling","2015 Weight",34500
"222","Glass Containers","recycling","2015 Weight",107100
"223","Glass Containers","useAsAggregate","2015 Weight",0
"224","Nonrecyclables","landfilling","2015 Weight",514000
"225","Paper Fiber","combustion","2015 Weight",0
"226","Paper Fiber","landfilling","2015 Weight",368500
"227","Paper Fiber","recycling","2015 Weight",267200
"228","Rigid Plastic Cont.","combustion","2015 Weight",0
"229","Rigid Plastic Cont.","landfilling","2015 Weight",57200
"230","Rigid Plastic Cont.","recycling","2015 Weight",24700
"231","Scrap Metal - Other","landfilling","2015 Weight",101900
"232","Scrap Metal - Other","recycling","2015 Weight",389300
"233","Wood Waste","combustion","2015 Weight",234300
"234","Wood Waste","composting","2015 Weight",21900
"235","Wood Waste","landfilling","2015 Weight",466600
"236","Wood Waste","recycling","2015 Weight",32800
"237","Yard Debris","anaerobicDigestion","2015 Weight",0
"238","Yard Debris","combustion","2015 Weight",32000
"239","Yard Debris","composting","2015 Weight",464000
"240","Yard Debris","landfilling","2015 Weight",96600
"241","Cardboard/Kraft","combustion","2015 Weight",0
"242","Cardboard/Kraft","composting","2015 Weight",0
"243","Cardboard/Kraft","landfilling","2015 Weight",0
"244","Cardboard/Kraft","recycling","2015 Weight",0
"245","Electronics","landfilling","2015 Weight",0
"246","Electronics","recycling","2015 Weight",0
"247","Food Waste","anaerobicDigestion","2015 Weight",0
"248","Food Waste","combustion","2015 Weight",0
"249","Food Waste","composting","2015 Weight",0
"250","Food Waste","landfilling","2015 Weight",100
"251","Glass Containers","landfilling","2015 Weight",0
"252","Glass Containers","recycling","2015 Weight",0
"253","Glass Containers","useAsAggregate","2015 Weight",0
"254","Nonrecyclables","landfilling","2015 Weight",100
"255","Paper Fiber","combustion","2015 Weight",0
"256","Paper Fiber","landfilling","2015 Weight",0
"257","Paper Fiber","recycling","2015 Weight",0
"258","Rigid Plastic Cont.","combustion","2015 Weight",0
"259","Rigid Plastic Cont.","landfilling","2015 Weight",0
"260","Rigid Plastic Cont.","recycling","2015 Weight",0
"261","Scrap Metal - Other","landfilling","2015 Weight",0
"262","Scrap Metal - Other","recycling","2015 Weight",0
"263","Wood Waste","combustion","2015 Weight",0
"264","Wood Waste","composting","2015 Weight",0
"265","Wood Waste","landfilling","2015 Weight",100
"266","Wood Waste","recycling","2015 Weight",0
"267","Yard Debris","anaerobicDigestion","2015 Weight",0
"268","Yard Debris","combustion","2015 Weight",0
"269","Yard Debris","composting","2015 Weight",0
"270","Yard Debris","landfilling","2015 Weight",0
"271","Cardboard/Kraft","combustion","2015 Weight",0
"272","Cardboard/Kraft","composting","2015 Weight",0
"273","Cardboard/Kraft","landfilling","2015 Weight",3400
"274","Cardboard/Kraft","recycling","2015 Weight",7500
"275","Electronics","landfilling","2015 Weight",800
"276","Electronics","recycling","2015 Weight",200
"277","Food Waste","anaerobicDigestion","2015 Weight",0
"278","Food Waste","combustion","2015 Weight",0
"279","Food Waste","composting","2015 Weight",0
"280","Food Waste","landfilling","2015 Weight",14300
"281","Glass Containers","landfilling","2015 Weight",1100
"282","Glass Containers","recycling","2015 Weight",2200
"283","Glass Containers","useAsAggregate","2015 Weight",0
"284","Nonrecyclables","landfilling","2015 Weight",16200
"285","Paper Fiber","combustion","2015 Weight",0
"286","Paper Fiber","landfilling","2015 Weight",11600
"287","Paper Fiber","recycling","2015 Weight",7400
"288","Rigid Plastic Cont.","combustion","2015 Weight",0
"289","Rigid Plastic Cont.","landfilling","2015 Weight",1800
"290","Rigid Plastic Cont.","recycling","2015 Weight",700
"291","Scrap Metal - Other","landfilling","2015 Weight",3200
"292","Scrap Metal - Other","recycling","2015 Weight",1900
"293","Wood Waste","combustion","2015 Weight",1700
"294","Wood Waste","composting","2015 Weight",100
"295","Wood Waste","landfilling","2015 Weight",14700
"296","Wood Waste","recycling","2015 Weight",0
"297","Yard Debris","anaerobicDigestion","2015 Weight",0
"298","Yard Debris","combustion","2015 Weight",0
"299","Yard Debris","composting","2015 Weight",14500
"300","Yard Debris","landfilling","2015 Weight",3000
"301","Cardboard/Kraft","combustion","New Weight",0
"302","Cardboard/Kraft","composting","New Weight",0
"303","Cardboard/Kraft","landfilling","New Weight",1650
"304","Cardboard/Kraft","recycling","New Weight",4950
"305","Electronics","landfilling","New Weight",375
"306","Electronics","recycling","New Weight",300
"307","Food Waste","anaerobicDigestion","New Weight",0
"308","Food Waste","combustion","New Weight",0
"309","Food Waste","composting","New Weight",450
"310","Food Waste","landfilling","New Weight",6900
"311","Glass Containers","landfilling","New Weight",525
"312","Glass Containers","recycling","New Weight",1350
"313","Glass Containers","useAsAggregate","New Weight",0
"314","Nonrecyclables","landfilling","New Weight",7800
"315","Paper Fiber","combustion","New Weight",0
"316","Paper Fiber","landfilling","New Weight",5625
"317","Paper Fiber","recycling","New Weight",3300
"318","Rigid Plastic Cont.","combustion","New Weight",0
"319","Rigid Plastic Cont.","landfilling","New Weight",900
"320","Rigid Plastic Cont.","recycling","New Weight",375
"321","Scrap Metal - Other","landfilling","New Weight",1575
"322","Scrap Metal - Other","recycling","New Weight",2400
"323","Wood Waste","combustion","New Weight",300
"324","Wood Waste","composting","New Weight",75
"325","Wood Waste","landfilling","New Weight",7125
"326","Wood Waste","recycling","New Weight",0
"327","Yard Debris","anaerobicDigestion","New Weight",0
"328","Yard Debris","combustion","New Weight",0
"329","Yard Debris","composting","New Weight",10200
"330","Yard Debris","landfilling","New Weight",1500
"331","Cardboard/Kraft","combustion","New Weight",0
"332","Cardboard/Kraft","composting","New Weight",0
"333","Cardboard/Kraft","landfilling","New Weight",900
"334","Cardboard/Kraft","recycling","New Weight",3075
"335","Electronics","landfilling","New Weight",225
"336","Electronics","recycling","New Weight",75
"337","Food Waste","anaerobicDigestion","New Weight",0
"338","Food Waste","combustion","New Weight",0
"339","Food Waste","composting","New Weight",0
"340","Food Waste","landfilling","New Weight",3825
"341","Glass Containers","landfilling","New Weight",300
"342","Glass Containers","recycling","New Weight",975
"343","Glass Containers","useAsAggregate","New Weight",0
"344","Nonrecyclables","landfilling","New Weight",4275
"345","Paper Fiber","combustion","New Weight",0
"346","Paper Fiber","landfilling","New Weight",3075
"347","Paper Fiber","recycling","New Weight",1350
"348","Rigid Plastic Cont.","combustion","New Weight",0
"349","Rigid Plastic Cont.","landfilling","New Weight",450
"350","Rigid Plastic Cont.","recycling","New Weight",150
"351","Scrap Metal - Other","landfilling","New Weight",825
"352","Scrap Metal - Other","recycling","New Weight",2175
"353","Wood Waste","combustion","New Weight",2925
"354","Wood Waste","composting","New Weight",0
"355","Wood Waste","landfilling","New Weight",3900
"356","Wood Waste","recycling","New Weight",0
"357","Yard Debris","anaerobicDigestion","New Weight",0
"358","Yard Debris","combustion","New Weight",2925
"359","Yard Debris","composting","New Weight",375
"360","Yard Debris","landfilling","New Weight",825
"361","Cardboard/Kraft","combustion","New Weight",0
"362","Cardboard/Kraft","composting","New Weight",0
"363","Cardboard/Kraft","landfilling","New Weight",1200
"364","Cardboard/Kraft","recycling","New Weight",2850
"365","Electronics","landfilling","New Weight",300
"366","Electronics","recycling","New Weight",150
"367","Food Waste","anaerobicDigestion","New Weight",0
"368","Food Waste","combustion","New Weight",0
"369","Food Waste","composting","New Weight",75
"370","Food Waste","landfilling","New Weight",5100
"371","Glass Containers","landfilling","New Weight",375
"372","Glass Containers","recycling","New Weight",750
"373","Glass Containers","useAsAggregate","New Weight",0
"374","Nonrecyclables","landfilling","New Weight",5775
"375","Paper Fiber","combustion","New Weight",0
"376","Paper Fiber","landfilling","New Weight",4125
"377","Paper Fiber","recycling","New Weight",1575
"378","Rigid Plastic Cont.","combustion","New Weight",0
"379","Rigid Plastic Cont.","landfilling","New Weight",675
"380","Rigid Plastic Cont.","recycling","New Weight",300
"381","Scrap Metal - Other","landfilling","New Weight",1125
"382","Scrap Metal - Other","recycling","New Weight",2925
"383","Wood Waste","combustion","New Weight",0
"384","Wood Waste","composting","New Weight",0
"385","Wood Waste","landfilling","New Weight",5250
"386","Wood Waste","recycling","New Weight",0
"387","Yard Debris","anaerobicDigestion","New Weight",0
"388","Yard Debris","combustion","New Weight",0
"389","Yard Debris","composting","New Weight",0
"390","Yard Debris","landfilling","New Weight",1050
"391","Cardboard/Kraft","combustion","New Weight",0
"392","Cardboard/Kraft","composting","New Weight",0
"393","Cardboard/Kraft","landfilling","New Weight",4200
"394","Cardboard/Kraft","recycling","New Weight",9975
"395","Electronics","landfilling","New Weight",975
"396","Electronics","recycling","New Weight",825
"397","Food Waste","anaerobicDigestion","New Weight",0
"398","Food Waste","combustion","New Weight",0
"399","Food Waste","composting","New Weight",600
"400","Food Waste","landfilling","New Weight",18000
"401","Glass Containers","landfilling","New Weight",1350
"402","Glass Containers","recycling","New Weight",5025
"403","Glass Containers","useAsAggregate","New Weight",0
"404","Nonrecyclables","landfilling","New Weight",20325
"405","Paper Fiber","combustion","New Weight",0
"406","Paper Fiber","landfilling","New Weight",14625
"407","Paper Fiber","recycling","New Weight",7050
"408","Rigid Plastic Cont.","combustion","New Weight",0
"409","Rigid Plastic Cont.","landfilling","New Weight",2250
"410","Rigid Plastic Cont.","recycling","New Weight",750
"411","Scrap Metal - Other","landfilling","New Weight",4050
"412","Scrap Metal - Other","recycling","New Weight",5775
"413","Wood Waste","combustion","New Weight",75
"414","Wood Waste","composting","New Weight",2700
"415","Wood Waste","landfilling","New Weight",18450
"416","Wood Waste","recycling","New Weight",1875
"417","Yard Debris","anaerobicDigestion","New Weight",0
"418","Yard Debris","combustion","New Weight",0
"419","Yard Debris","composting","New Weight",20100
"420","Yard Debris","landfilling","New Weight",3825
"421","Cardboard/Kraft","combustion","New Weight",0
"422","Cardboard/Kraft","composting","New Weight",0
"423","Cardboard/Kraft","landfilling","New Weight",1275
"424","Cardboard/Kraft","recycling","New Weight",2925
"425","Electronics","landfilling","New Weight",300
"426","Electronics","recycling","New Weight",150
"427","Food Waste","anaerobicDigestion","New Weight",0
"428","Food Waste","combustion","New Weight",0
"429","Food Waste","composting","New Weight",150
"430","Food Waste","landfilling","New Weight",5325
"431","Glass Containers","landfilling","New Weight",375
"432","Glass Containers","recycling","New Weight",825
"433","Glass Containers","useAsAggregate","New Weight",0
"434","Nonrecyclables","landfilling","New Weight",6000
"435","Paper Fiber","combustion","New Weight",0
"436","Paper Fiber","landfilling","New Weight",4350
"437","Paper Fiber","recycling","New Weight",1950
"438","Rigid Plastic Cont.","combustion","New Weight",0
"439","Rigid Plastic Cont.","landfilling","New Weight",675
"440","Rigid Plastic Cont.","recycling","New Weight",300
"441","Scrap Metal - Other","landfilling","New Weight",1200
"442","Scrap Metal - Other","recycling","New Weight",1500
"443","Wood Waste","combustion","New Weight",1575
"444","Wood Waste","composting","New Weight",525
"445","Wood Waste","landfilling","New Weight",5475
"446","Wood Waste","recycling","New Weight",0
"447","Yard Debris","anaerobicDigestion","New Weight",0
"448","Yard Debris","combustion","New Weight",0
"449","Yard Debris","composting","New Weight",1125
"450","Yard Debris","landfilling","New Weight",1125
"451","Cardboard/Kraft","combustion","New Weight",0
"452","Cardboard/Kraft","composting","New Weight",0
"453","Cardboard/Kraft","landfilling","New Weight",600
"454","Cardboard/Kraft","recycling","New Weight",3750
"455","Electronics","landfilling","New Weight",150
"456","Electronics","recycling","New Weight",0
"457","Food Waste","anaerobicDigestion","New Weight",0
"458","Food Waste","combustion","New Weight",0
"459","Food Waste","composting","New Weight",150
"460","Food Waste","landfilling","New Weight",2475
"461","Glass Containers","landfilling","New Weight",225
"462","Glass Containers","recycling","New Weight",300
"463","Glass Containers","useAsAggregate","New Weight",0
"464","Nonrecyclables","landfilling","New Weight",2775
"465","Paper Fiber","combustion","New Weight",0
"466","Paper Fiber","landfilling","New Weight",2025
"467","Paper Fiber","recycling","New Weight",300
"468","Rigid Plastic Cont.","combustion","New Weight",0
"469","Rigid Plastic Cont.","landfilling","New Weight",300
"470","Rigid Plastic Cont.","recycling","New Weight",75
"471","Scrap Metal - Other","landfilling","New Weight",525
"472","Scrap Metal - Other","recycling","New Weight",150
"473","Wood Waste","combustion","New Weight",0
"474","Wood Waste","composting","New Weight",0
"475","Wood Waste","landfilling","New Weight",2550
"476","Wood Waste","recycling","New Weight",0
"477","Yard Debris","anaerobicDigestion","New Weight",0
"478","Yard Debris","combustion","New Weight",0
"479","Yard Debris","composting","New Weight",225
"480","Yard Debris","landfilling","New Weight",525
"481","Cardboard/Kraft","combustion","New Weight",0
"482","Cardboard/Kraft","composting","New Weight",0
"483","Cardboard/Kraft","landfilling","New Weight",33075
"484","Cardboard/Kraft","recycling","New Weight",135675
"485","Electronics","landfilling","New Weight",7875
"486","Electronics","recycling","New Weight",5100
"487","Food Waste","anaerobicDigestion","New Weight",0
"488","Food Waste","combustion","New Weight",0
"489","Food Waste","composting","New Weight",33450
"490","Food Waste","landfilling","New Weight",140925
"491","Glass Containers","landfilling","New Weight",10650
"492","Glass Containers","recycling","New Weight",42975
"493","Glass Containers","useAsAggregate","New Weight",0
"494","Nonrecyclables","landfilling","New Weight",159225
"495","Paper Fiber","combustion","New Weight",0
"496","Paper Fiber","landfilling","New Weight",114150
"497","Paper Fiber","recycling","New Weight",112425
"498","Rigid Plastic Cont.","combustion","New Weight",0
"499","Rigid Plastic Cont.","landfilling","New Weight",17700
"500","Rigid Plastic Cont.","recycling","New Weight",7425
"501","Scrap Metal - Other","landfilling","New Weight",31575
"502","Scrap Metal - Other","recycling","New Weight",155025
"503","Wood Waste","combustion","New Weight",72975
"504","Wood Waste","composting","New Weight",6600
"505","Wood Waste","landfilling","New Weight",144525
"506","Wood Waste","recycling","New Weight",14700
"507","Yard Debris","anaerobicDigestion","New Weight",0
"508","Yard Debris","combustion","New Weight",10725
"509","Yard Debris","composting","New Weight",154350
"510","Yard Debris","landfilling","New Weight",29925
"511","Cardboard/Kraft","combustion","New Weight",0
"512","Cardboard/Kraft","composting","New Weight",0
"513","Cardboard/Kraft","landfilling","New Weight",80025
"514","Cardboard/Kraft","recycling","New Weight",274425
"515","Electronics","landfilling","New Weight",19125
"516","Electronics","recycling","New Weight",13725
"517","Food Waste","anaerobicDigestion","New Weight",0
"518","Food Waste","combustion","New Weight",825
"519","Food Waste","composting","New Weight",42075
"520","Food Waste","landfilling","New Weight",341250
"521","Glass Containers","landfilling","New Weight",25875
"522","Glass Containers","recycling","New Weight",80325
"523","Glass Containers","useAsAggregate","New Weight",0
"524","Nonrecyclables","landfilling","New Weight",385500
"525","Paper Fiber","combustion","New Weight",0
"526","Paper Fiber","landfilling","New Weight",276375
"527","Paper Fiber","recycling","New Weight",200400
"528","Rigid Plastic Cont.","combustion","New Weight",0
"529","Rigid Plastic Cont.","landfilling","New Weight",42900
"530","Rigid Plastic Cont.","recycling","New Weight",18525
"531","Scrap Metal - Other","landfilling","New Weight",76425
"532","Scrap Metal - Other","recycling","New Weight",291975
"533","Wood Waste","combustion","New Weight",175725
"534","Wood Waste","composting","New Weight",16425
"535","Wood Waste","landfilling","New Weight",349950
"536","Wood Waste","recycling","New Weight",24600
"537","Yard Debris","anaerobicDigestion","New Weight",0
"538","Yard Debris","combustion","New Weight",24000
"539","Yard Debris","composting","New Weight",348000
"540","Yard Debris","landfilling","New Weight",72450
"541","Cardboard/Kraft","combustion","New Weight",0
"542","Cardboard/Kraft","composting","New Weight",0
"543","Cardboard/Kraft","landfilling","New Weight",0
"544","Cardboard/Kraft","recycling","New Weight",0
"545","Electronics","landfilling","New Weight",0
"546","Electronics","recycling","New Weight",0
"547","Food Waste","anaerobicDigestion","New Weight",0
"548","Food Waste","combustion","New Weight",0
"549","Food Waste","composting","New Weight",0
"550","Food Waste","landfilling","New Weight",75
"551","Glass Containers","landfilling","New Weight",0
"552","Glass Containers","recycling","New Weight",0
"553","Glass Containers","useAsAggregate","New Weight",0
"554","Nonrecyclables","landfilling","New Weight",75
"555","Paper Fiber","combustion","New Weight",0
"556","Paper Fiber","landfilling","New Weight",0
"557","Paper Fiber","recycling","New Weight",0
"558","Rigid Plastic Cont.","combustion","New Weight",0
"559","Rigid Plastic Cont.","landfilling","New Weight",0
"560","Rigid Plastic Cont.","recycling","New Weight",0
"561","Scrap Metal - Other","landfilling","New Weight",0
"562","Scrap Metal - Other","recycling","New Weight",0
"563","Wood Waste","combustion","New Weight",0
"564","Wood Waste","composting","New Weight",0
"565","Wood Waste","landfilling","New Weight",75
"566","Wood Waste","recycling","New Weight",0
"567","Yard Debris","anaerobicDigestion","New Weight",0
"568","Yard Debris","combustion","New Weight",0
"569","Yard Debris","composting","New Weight",0
"570","Yard Debris","landfilling","New Weight",0
"571","Cardboard/Kraft","combustion","New Weight",0
"572","Cardboard/Kraft","composting","New Weight",0
"573","Cardboard/Kraft","landfilling","New Weight",2550
"574","Cardboard/Kraft","recycling","New Weight",5625
"575","Electronics","landfilling","New Weight",600
"576","Electronics","recycling","New Weight",150
"577","Food Waste","anaerobicDigestion","New Weight",0
"578","Food Waste","combustion","New Weight",0
"579","Food Waste","composting","New Weight",0
"580","Food Waste","landfilling","New Weight",10725
"581","Glass Containers","landfilling","New Weight",825
"582","Glass Containers","recycling","New Weight",1650
"583","Glass Containers","useAsAggregate","New Weight",0
"584","Nonrecyclables","landfilling","New Weight",12150
"585","Paper Fiber","combustion","New Weight",0
"586","Paper Fiber","landfilling","New Weight",8700
"587","Paper Fiber","recycling","New Weight",5550
"588","Rigid Plastic Cont.","combustion","New Weight",0
"589","Rigid Plastic Cont.","landfilling","New Weight",1350
"590","Rigid Plastic Cont.","recycling","New Weight",525
"591","Scrap Metal - Other","landfilling","New Weight",2400
"592","Scrap Metal - Other","recycling","New Weight",1425
"593","Wood Waste","combustion","New Weight",1275
"594","Wood Waste","composting","New Weight",75
"595","Wood Waste","landfilling","New Weight",11025
"596","Wood Waste","recycling","New Weight",0
"597","Yard Debris","anaerobicDigestion","New Weight",0
"598","Yard Debris","combustion","New Weight",0
"599","Yard Debris","composting","New Weight",10875
"600","Yard Debris","landfilling","New Weight",2250
