wasteshed,material,umbrellaDisp,disposition,tons
Benton,Cardboard/Kraft,disposal,Landfilling,106729.6716
Benton,Cardboard/Kraft,recovery,Recycling,365903.424
Benton,Electronics,disposal,Landfilling,25484.88131
Benton,Electronics,recovery,Recycling,18338.647
Benton,FoodWaste,disposal,Landfilling,443682.0931
Benton,FoodWaste,recovery,Combustion,1063
Benton,FoodWaste,recovery,Composting,56054.966
Benton,Misc. nonrecyclables,disposal,Landfilling,514038.5238
Benton,Paper Fiber,disposal,Landfilling,368512.1445
Benton,Paper Fiber,recovery,Recycling,267205.148
Benton,Plastic Film,disposal,Landfilling,161048.1205
Benton,Plastic Film,recovery,Recycling,15869.845
Benton,Plastic Other,disposal,Landfilling,145882.1949
Benton,Plastic Other,recovery,Combustion,239.579
Benton,Plastic Other,recovery,Recycling,12998.757
Benton,Scrap Metal - Other,disposal,Landfilling,101875.7117
Benton,Scrap Metal - Other,recovery,Recycling,392514.708
Benton,Wood Waste,disposal,Landfilling,466585.0846
Benton,Wood Waste,recovery,Combustion,234254.632
Benton,Wood Waste,recovery,Composting,21833.389
Benton,Wood Waste,recovery,Recycling,32810.509
Benton,Yard Debris,disposal,Landfilling,96569.43587
Benton,Yard Debris,recovery,Combustion,57171.355
Benton,Yard Debris,recovery,Composting,471081.654
Clatsop,Cardboard/Kraft,disposal,Landfilling,106729.6716
Clatsop,Cardboard/Kraft,recovery,Recycling,365903.424
Clatsop,Electronics,disposal,Landfilling,25484.88131
Clatsop,Electronics,recovery,Recycling,18338.647
Clatsop,FoodWaste,disposal,Landfilling,443682.0931
Clatsop,FoodWaste,recovery,Combustion,1063
Clatsop,FoodWaste,recovery,Composting,56054.966
Clatsop,Misc. nonrecyclables,disposal,Landfilling,514038.5238
Clatsop,Paper Fiber,disposal,Landfilling,368512.1445
Clatsop,Paper Fiber,recovery,Recycling,267205.148
Clatsop,Plastic Film,disposal,Landfilling,161048.1205
Clatsop,Plastic Film,recovery,Recycling,15869.845
Clatsop,Plastic Other,disposal,Landfilling,145882.1949
Clatsop,Plastic Other,recovery,Combustion,239.579
Clatsop,Plastic Other,recovery,Recycling,12998.757
Clatsop,Scrap Metal - Other,disposal,Landfilling,101875.7117
Clatsop,Scrap Metal - Other,recovery,Recycling,392514.708
Clatsop,Wood Waste,disposal,Landfilling,466585.0846
Clatsop,Wood Waste,recovery,Combustion,234254.632
Clatsop,Wood Waste,recovery,Composting,21833.389
Clatsop,Wood Waste,recovery,Recycling,32810.509
Clatsop,Yard Debris,disposal,Landfilling,96569.43587
Clatsop,Yard Debris,recovery,Combustion,57171.355
Clatsop,Yard Debris,recovery,Composting,471081.654
Columbia,Cardboard/Kraft,disposal,Landfilling,106729.6716
Columbia,Cardboard/Kraft,recovery,Recycling,365903.424
Columbia,Electronics,disposal,Landfilling,25484.88131
Columbia,Electronics,recovery,Recycling,18338.647
Columbia,FoodWaste,disposal,Landfilling,443682.0931
Columbia,FoodWaste,recovery,Combustion,1063
Columbia,FoodWaste,recovery,Composting,56054.966
Columbia,Misc. nonrecyclables,disposal,Landfilling,514038.5238
Columbia,Paper Fiber,disposal,Landfilling,368512.1445
Columbia,Paper Fiber,recovery,Recycling,267205.148
Columbia,Plastic Film,disposal,Landfilling,161048.1205
Columbia,Plastic Film,recovery,Recycling,15869.845
Columbia,Plastic Other,disposal,Landfilling,145882.1949
Columbia,Plastic Other,recovery,Combustion,239.579
Columbia,Plastic Other,recovery,Recycling,12998.757
Columbia,Scrap Metal - Other,disposal,Landfilling,101875.7117
Columbia,Scrap Metal - Other,recovery,Recycling,392514.708
Columbia,Wood Waste,disposal,Landfilling,466585.0846
Columbia,Wood Waste,recovery,Combustion,234254.632
Columbia,Wood Waste,recovery,Composting,21833.389
Columbia,Wood Waste,recovery,Recycling,32810.509
Columbia,Yard Debris,disposal,Landfilling,96569.43587
Columbia,Yard Debris,recovery,Combustion,57171.355
Columbia,Yard Debris,recovery,Composting,471081.654
Coos,Cardboard/Kraft,disposal,Landfilling,106729.6716
Coos,Cardboard/Kraft,recovery,Recycling,365903.424
Coos,Electronics,disposal,Landfilling,25484.88131
Coos,Electronics,recovery,Recycling,18338.647
Coos,FoodWaste,disposal,Landfilling,443682.0931
Coos,FoodWaste,recovery,Combustion,1063
Coos,FoodWaste,recovery,Composting,56054.966
Coos,Misc. nonrecyclables,disposal,Landfilling,514038.5238
Coos,Paper Fiber,disposal,Landfilling,368512.1445
Coos,Paper Fiber,recovery,Recycling,267205.148
Coos,Plastic Film,disposal,Landfilling,161048.1205
Coos,Plastic Film,recovery,Recycling,15869.845
Coos,Plastic Other,disposal,Landfilling,145882.1949
Coos,Plastic Other,recovery,Combustion,239.579
Coos,Plastic Other,recovery,Recycling,12998.757
Coos,Scrap Metal - Other,disposal,Landfilling,101875.7117
Coos,Scrap Metal - Other,recovery,Recycling,392514.708
Coos,Wood Waste,disposal,Landfilling,466585.0846
Coos,Wood Waste,recovery,Combustion,234254.632
Coos,Wood Waste,recovery,Composting,21833.389
Coos,Wood Waste,recovery,Recycling,32810.509
Coos,Yard Debris,disposal,Landfilling,96569.43587
Coos,Yard Debris,recovery,Combustion,57171.355
Coos,Yard Debris,recovery,Composting,471081.654
Crook,Cardboard/Kraft,disposal,Landfilling,106729.6716
Crook,Cardboard/Kraft,recovery,Recycling,365903.424
Crook,Electronics,disposal,Landfilling,25484.88131
Crook,Electronics,recovery,Recycling,18338.647
Crook,FoodWaste,disposal,Landfilling,443682.0931
Crook,FoodWaste,recovery,Combustion,1063
Crook,FoodWaste,recovery,Composting,56054.966
Crook,Misc. nonrecyclables,disposal,Landfilling,514038.5238
Crook,Paper Fiber,disposal,Landfilling,368512.1445
Crook,Paper Fiber,recovery,Recycling,267205.148
Crook,Plastic Film,disposal,Landfilling,161048.1205
Crook,Plastic Film,recovery,Recycling,15869.845
Crook,Plastic Other,disposal,Landfilling,145882.1949
Crook,Plastic Other,recovery,Combustion,239.579
Crook,Plastic Other,recovery,Recycling,12998.757
Crook,Scrap Metal - Other,disposal,Landfilling,101875.7117
Crook,Scrap Metal - Other,recovery,Recycling,392514.708
Crook,Wood Waste,disposal,Landfilling,466585.0846
Crook,Wood Waste,recovery,Combustion,234254.632
Crook,Wood Waste,recovery,Composting,21833.389
Crook,Wood Waste,recovery,Recycling,32810.509
Crook,Yard Debris,disposal,Landfilling,96569.43587
Crook,Yard Debris,recovery,Combustion,57171.355
Crook,Yard Debris,recovery,Composting,471081.654
Curry,Cardboard/Kraft,disposal,Landfilling,106729.6716
Curry,Cardboard/Kraft,recovery,Recycling,365903.424
Curry,Electronics,disposal,Landfilling,25484.88131
Curry,Electronics,recovery,Recycling,18338.647
Curry,FoodWaste,disposal,Landfilling,443682.0931
Curry,FoodWaste,recovery,Combustion,1063
Curry,FoodWaste,recovery,Composting,56054.966
Curry,Misc. nonrecyclables,disposal,Landfilling,514038.5238
Curry,Paper Fiber,disposal,Landfilling,368512.1445
Curry,Paper Fiber,recovery,Recycling,267205.148
Curry,Plastic Film,disposal,Landfilling,161048.1205
Curry,Plastic Film,recovery,Recycling,15869.845
Curry,Plastic Other,disposal,Landfilling,145882.1949
Curry,Plastic Other,recovery,Combustion,239.579
Curry,Plastic Other,recovery,Recycling,12998.757
Curry,Scrap Metal - Other,disposal,Landfilling,101875.7117
Curry,Scrap Metal - Other,recovery,Recycling,392514.708
Curry,Wood Waste,disposal,Landfilling,466585.0846
Curry,Wood Waste,recovery,Combustion,234254.632
Curry,Wood Waste,recovery,Composting,21833.389
Curry,Wood Waste,recovery,Recycling,32810.509
Curry,Yard Debris,disposal,Landfilling,96569.43587
Curry,Yard Debris,recovery,Combustion,57171.355
Curry,Yard Debris,recovery,Composting,471081.654
Deschutes,Cardboard/Kraft,disposal,Landfilling,106729.6716
Deschutes,Cardboard/Kraft,recovery,Recycling,365903.424
Deschutes,Electronics,disposal,Landfilling,25484.88131
Deschutes,Electronics,recovery,Recycling,18338.647
Deschutes,FoodWaste,disposal,Landfilling,443682.0931
Deschutes,FoodWaste,recovery,Combustion,1063
Deschutes,FoodWaste,recovery,Composting,56054.966
Deschutes,Misc. nonrecyclables,disposal,Landfilling,514038.5238
Deschutes,Paper Fiber,disposal,Landfilling,368512.1445
Deschutes,Paper Fiber,recovery,Recycling,267205.148
Deschutes,Plastic Film,disposal,Landfilling,161048.1205
Deschutes,Plastic Film,recovery,Recycling,15869.845
Deschutes,Plastic Other,disposal,Landfilling,145882.1949
Deschutes,Plastic Other,recovery,Combustion,239.579
Deschutes,Plastic Other,recovery,Recycling,12998.757
Deschutes,Scrap Metal - Other,disposal,Landfilling,101875.7117
Deschutes,Scrap Metal - Other,recovery,Recycling,392514.708
Deschutes,Wood Waste,disposal,Landfilling,466585.0846
Deschutes,Wood Waste,recovery,Combustion,234254.632
Deschutes,Wood Waste,recovery,Composting,21833.389
Deschutes,Wood Waste,recovery,Recycling,32810.509
Deschutes,Yard Debris,disposal,Landfilling,96569.43587
Deschutes,Yard Debris,recovery,Combustion,57171.355
Deschutes,Yard Debris,recovery,Composting,471081.654
Douglas,Cardboard/Kraft,disposal,Landfilling,106729.6716
Douglas,Cardboard/Kraft,recovery,Recycling,365903.424
Douglas,Electronics,disposal,Landfilling,25484.88131
Douglas,Electronics,recovery,Recycling,18338.647
Douglas,FoodWaste,disposal,Landfilling,443682.0931
Douglas,FoodWaste,recovery,Combustion,1063
Douglas,FoodWaste,recovery,Composting,56054.966
Douglas,Misc. nonrecyclables,disposal,Landfilling,514038.5238
Douglas,Paper Fiber,disposal,Landfilling,368512.1445
Douglas,Paper Fiber,recovery,Recycling,267205.148
Douglas,Plastic Film,disposal,Landfilling,161048.1205
Douglas,Plastic Film,recovery,Recycling,15869.845
Douglas,Plastic Other,disposal,Landfilling,145882.1949
Douglas,Plastic Other,recovery,Combustion,239.579
Douglas,Plastic Other,recovery,Recycling,12998.757
Douglas,Scrap Metal - Other,disposal,Landfilling,101875.7117
Douglas,Scrap Metal - Other,recovery,Recycling,392514.708
Douglas,Wood Waste,disposal,Landfilling,466585.0846
Douglas,Wood Waste,recovery,Combustion,234254.632
Douglas,Wood Waste,recovery,Composting,21833.389
Douglas,Wood Waste,recovery,Recycling,32810.509
Douglas,Yard Debris,disposal,Landfilling,96569.43587
Douglas,Yard Debris,recovery,Combustion,57171.355
Douglas,Yard Debris,recovery,Composting,471081.654
Gilliam,Cardboard/Kraft,disposal,Landfilling,106729.6716
Gilliam,Cardboard/Kraft,recovery,Recycling,365903.424
Gilliam,Electronics,disposal,Landfilling,25484.88131
Gilliam,Electronics,recovery,Recycling,18338.647
Gilliam,FoodWaste,disposal,Landfilling,443682.0931
Gilliam,FoodWaste,recovery,Combustion,1063
Gilliam,FoodWaste,recovery,Composting,56054.966
Gilliam,Misc. nonrecyclables,disposal,Landfilling,514038.5238
Gilliam,Paper Fiber,disposal,Landfilling,368512.1445
Gilliam,Paper Fiber,recovery,Recycling,267205.148
Gilliam,Plastic Film,disposal,Landfilling,161048.1205
Gilliam,Plastic Film,recovery,Recycling,15869.845
Gilliam,Plastic Other,disposal,Landfilling,145882.1949
Gilliam,Plastic Other,recovery,Combustion,239.579
Gilliam,Plastic Other,recovery,Recycling,12998.757
Gilliam,Scrap Metal - Other,disposal,Landfilling,101875.7117
Gilliam,Scrap Metal - Other,recovery,Recycling,392514.708
Gilliam,Wood Waste,disposal,Landfilling,466585.0846
Gilliam,Wood Waste,recovery,Combustion,234254.632
Gilliam,Wood Waste,recovery,Composting,21833.389
Gilliam,Wood Waste,recovery,Recycling,32810.509
Gilliam,Yard Debris,disposal,Landfilling,96569.43587
Gilliam,Yard Debris,recovery,Combustion,57171.355
Gilliam,Yard Debris,recovery,Composting,471081.654
Grant,Cardboard/Kraft,disposal,Landfilling,106729.6716
Grant,Cardboard/Kraft,recovery,Recycling,365903.424
Grant,Electronics,disposal,Landfilling,25484.88131
Grant,Electronics,recovery,Recycling,18338.647
Grant,FoodWaste,disposal,Landfilling,443682.0931
Grant,FoodWaste,recovery,Combustion,1063
Grant,FoodWaste,recovery,Composting,56054.966
Grant,Misc. nonrecyclables,disposal,Landfilling,514038.5238
Grant,Paper Fiber,disposal,Landfilling,368512.1445
Grant,Paper Fiber,recovery,Recycling,267205.148
Grant,Plastic Film,disposal,Landfilling,161048.1205
Grant,Plastic Film,recovery,Recycling,15869.845
Grant,Plastic Other,disposal,Landfilling,145882.1949
Grant,Plastic Other,recovery,Combustion,239.579
Grant,Plastic Other,recovery,Recycling,12998.757
Grant,Scrap Metal - Other,disposal,Landfilling,101875.7117
Grant,Scrap Metal - Other,recovery,Recycling,392514.708
Grant,Wood Waste,disposal,Landfilling,466585.0846
Grant,Wood Waste,recovery,Combustion,234254.632
Grant,Wood Waste,recovery,Composting,21833.389
Grant,Wood Waste,recovery,Recycling,32810.509
Grant,Yard Debris,disposal,Landfilling,96569.43587
Grant,Yard Debris,recovery,Combustion,57171.355
Grant,Yard Debris,recovery,Composting,471081.654
Harney,Cardboard/Kraft,disposal,Landfilling,106729.6716
Harney,Cardboard/Kraft,recovery,Recycling,365903.424
Harney,Electronics,disposal,Landfilling,25484.88131
Harney,Electronics,recovery,Recycling,18338.647
Harney,FoodWaste,disposal,Landfilling,443682.0931
Harney,FoodWaste,recovery,Combustion,1063
Harney,FoodWaste,recovery,Composting,56054.966
Harney,Misc. nonrecyclables,disposal,Landfilling,514038.5238
Harney,Paper Fiber,disposal,Landfilling,368512.1445
Harney,Paper Fiber,recovery,Recycling,267205.148
Harney,Plastic Film,disposal,Landfilling,161048.1205
Harney,Plastic Film,recovery,Recycling,15869.845
Harney,Plastic Other,disposal,Landfilling,145882.1949
Harney,Plastic Other,recovery,Combustion,239.579
Harney,Plastic Other,recovery,Recycling,12998.757
Harney,Scrap Metal - Other,disposal,Landfilling,101875.7117
Harney,Scrap Metal - Other,recovery,Recycling,392514.708
Harney,Wood Waste,disposal,Landfilling,466585.0846
Harney,Wood Waste,recovery,Combustion,234254.632
Harney,Wood Waste,recovery,Composting,21833.389
Harney,Wood Waste,recovery,Recycling,32810.509
Harney,Yard Debris,disposal,Landfilling,96569.43587
Harney,Yard Debris,recovery,Combustion,57171.355
Harney,Yard Debris,recovery,Composting,471081.654
Hood River,Cardboard/Kraft,disposal,Landfilling,106729.6716
Hood River,Cardboard/Kraft,recovery,Recycling,365903.424
Hood River,Electronics,disposal,Landfilling,25484.88131
Hood River,Electronics,recovery,Recycling,18338.647
Hood River,FoodWaste,disposal,Landfilling,443682.0931
Hood River,FoodWaste,recovery,Combustion,1063
Hood River,FoodWaste,recovery,Composting,56054.966
Hood River,Misc. nonrecyclables,disposal,Landfilling,514038.5238
Hood River,Paper Fiber,disposal,Landfilling,368512.1445
Hood River,Paper Fiber,recovery,Recycling,267205.148
Hood River,Plastic Film,disposal,Landfilling,161048.1205
Hood River,Plastic Film,recovery,Recycling,15869.845
Hood River,Plastic Other,disposal,Landfilling,145882.1949
Hood River,Plastic Other,recovery,Combustion,239.579
Hood River,Plastic Other,recovery,Recycling,12998.757
Hood River,Scrap Metal - Other,disposal,Landfilling,101875.7117
Hood River,Scrap Metal - Other,recovery,Recycling,392514.708
Hood River,Wood Waste,disposal,Landfilling,466585.0846
Hood River,Wood Waste,recovery,Combustion,234254.632
Hood River,Wood Waste,recovery,Composting,21833.389
Hood River,Wood Waste,recovery,Recycling,32810.509
Hood River,Yard Debris,disposal,Landfilling,96569.43587
Hood River,Yard Debris,recovery,Combustion,57171.355
Hood River,Yard Debris,recovery,Composting,471081.654
Jackson,Cardboard/Kraft,disposal,Landfilling,106729.6716
Jackson,Cardboard/Kraft,recovery,Recycling,365903.424
Jackson,Electronics,disposal,Landfilling,25484.88131
Jackson,Electronics,recovery,Recycling,18338.647
Jackson,FoodWaste,disposal,Landfilling,443682.0931
Jackson,FoodWaste,recovery,Combustion,1063
Jackson,FoodWaste,recovery,Composting,56054.966
Jackson,Misc. nonrecyclables,disposal,Landfilling,514038.5238
Jackson,Paper Fiber,disposal,Landfilling,368512.1445
Jackson,Paper Fiber,recovery,Recycling,267205.148
Jackson,Plastic Film,disposal,Landfilling,161048.1205
Jackson,Plastic Film,recovery,Recycling,15869.845
Jackson,Plastic Other,disposal,Landfilling,145882.1949
Jackson,Plastic Other,recovery,Combustion,239.579
Jackson,Plastic Other,recovery,Recycling,12998.757
Jackson,Scrap Metal - Other,disposal,Landfilling,101875.7117
Jackson,Scrap Metal - Other,recovery,Recycling,392514.708
Jackson,Wood Waste,disposal,Landfilling,466585.0846
Jackson,Wood Waste,recovery,Combustion,234254.632
Jackson,Wood Waste,recovery,Composting,21833.389
Jackson,Wood Waste,recovery,Recycling,32810.509
Jackson,Yard Debris,disposal,Landfilling,96569.43587
Jackson,Yard Debris,recovery,Combustion,57171.355
Jackson,Yard Debris,recovery,Composting,471081.654
Jefferson,Cardboard/Kraft,disposal,Landfilling,106729.6716
Jefferson,Cardboard/Kraft,recovery,Recycling,365903.424
Jefferson,Electronics,disposal,Landfilling,25484.88131
Jefferson,Electronics,recovery,Recycling,18338.647
Jefferson,FoodWaste,disposal,Landfilling,443682.0931
Jefferson,FoodWaste,recovery,Combustion,1063
Jefferson,FoodWaste,recovery,Composting,56054.966
Jefferson,Misc. nonrecyclables,disposal,Landfilling,514038.5238
Jefferson,Paper Fiber,disposal,Landfilling,368512.1445
Jefferson,Paper Fiber,recovery,Recycling,267205.148
Jefferson,Plastic Film,disposal,Landfilling,161048.1205
Jefferson,Plastic Film,recovery,Recycling,15869.845
Jefferson,Plastic Other,disposal,Landfilling,145882.1949
Jefferson,Plastic Other,recovery,Combustion,239.579
Jefferson,Plastic Other,recovery,Recycling,12998.757
Jefferson,Scrap Metal - Other,disposal,Landfilling,101875.7117
Jefferson,Scrap Metal - Other,recovery,Recycling,392514.708
Jefferson,Wood Waste,disposal,Landfilling,466585.0846
Jefferson,Wood Waste,recovery,Combustion,234254.632
Jefferson,Wood Waste,recovery,Composting,21833.389
Jefferson,Wood Waste,recovery,Recycling,32810.509
Jefferson,Yard Debris,disposal,Landfilling,96569.43587
Jefferson,Yard Debris,recovery,Combustion,57171.355
Jefferson,Yard Debris,recovery,Composting,471081.654
Josephine,Cardboard/Kraft,disposal,Landfilling,106729.6716
Josephine,Cardboard/Kraft,recovery,Recycling,365903.424
Josephine,Electronics,disposal,Landfilling,25484.88131
Josephine,Electronics,recovery,Recycling,18338.647
Josephine,FoodWaste,disposal,Landfilling,443682.0931
Josephine,FoodWaste,recovery,Combustion,1063
Josephine,FoodWaste,recovery,Composting,56054.966
Josephine,Misc. nonrecyclables,disposal,Landfilling,514038.5238
Josephine,Paper Fiber,disposal,Landfilling,368512.1445
Josephine,Paper Fiber,recovery,Recycling,267205.148
Josephine,Plastic Film,disposal,Landfilling,161048.1205
Josephine,Plastic Film,recovery,Recycling,15869.845
Josephine,Plastic Other,disposal,Landfilling,145882.1949
Josephine,Plastic Other,recovery,Combustion,239.579
Josephine,Plastic Other,recovery,Recycling,12998.757
Josephine,Scrap Metal - Other,disposal,Landfilling,101875.7117
Josephine,Scrap Metal - Other,recovery,Recycling,392514.708
Josephine,Wood Waste,disposal,Landfilling,466585.0846
Josephine,Wood Waste,recovery,Combustion,234254.632
Josephine,Wood Waste,recovery,Composting,21833.389
Josephine,Wood Waste,recovery,Recycling,32810.509
Josephine,Yard Debris,disposal,Landfilling,96569.43587
Josephine,Yard Debris,recovery,Combustion,57171.355
Josephine,Yard Debris,recovery,Composting,471081.654
Klamath,Cardboard/Kraft,disposal,Landfilling,106729.6716
Klamath,Cardboard/Kraft,recovery,Recycling,365903.424
Klamath,Electronics,disposal,Landfilling,25484.88131
Klamath,Electronics,recovery,Recycling,18338.647
Klamath,FoodWaste,disposal,Landfilling,443682.0931
Klamath,FoodWaste,recovery,Combustion,1063
Klamath,FoodWaste,recovery,Composting,56054.966
Klamath,Misc. nonrecyclables,disposal,Landfilling,514038.5238
Klamath,Paper Fiber,disposal,Landfilling,368512.1445
Klamath,Paper Fiber,recovery,Recycling,267205.148
Klamath,Plastic Film,disposal,Landfilling,161048.1205
Klamath,Plastic Film,recovery,Recycling,15869.845
Klamath,Plastic Other,disposal,Landfilling,145882.1949
Klamath,Plastic Other,recovery,Combustion,239.579
Klamath,Plastic Other,recovery,Recycling,12998.757
Klamath,Scrap Metal - Other,disposal,Landfilling,101875.7117
Klamath,Scrap Metal - Other,recovery,Recycling,392514.708
Klamath,Wood Waste,disposal,Landfilling,466585.0846
Klamath,Wood Waste,recovery,Combustion,234254.632
Klamath,Wood Waste,recovery,Composting,21833.389
Klamath,Wood Waste,recovery,Recycling,32810.509
Klamath,Yard Debris,disposal,Landfilling,96569.43587
Klamath,Yard Debris,recovery,Combustion,57171.355
Klamath,Yard Debris,recovery,Composting,471081.654
Lake,Cardboard/Kraft,disposal,Landfilling,106729.6716
Lake,Cardboard/Kraft,recovery,Recycling,365903.424
Lake,Electronics,disposal,Landfilling,25484.88131
Lake,Electronics,recovery,Recycling,18338.647
Lake,FoodWaste,disposal,Landfilling,443682.0931
Lake,FoodWaste,recovery,Combustion,1063
Lake,FoodWaste,recovery,Composting,56054.966
Lake,Misc. nonrecyclables,disposal,Landfilling,514038.5238
Lake,Paper Fiber,disposal,Landfilling,368512.1445
Lake,Paper Fiber,recovery,Recycling,267205.148
Lake,Plastic Film,disposal,Landfilling,161048.1205
Lake,Plastic Film,recovery,Recycling,15869.845
Lake,Plastic Other,disposal,Landfilling,145882.1949
Lake,Plastic Other,recovery,Combustion,239.579
Lake,Plastic Other,recovery,Recycling,12998.757
Lake,Scrap Metal - Other,disposal,Landfilling,101875.7117
Lake,Scrap Metal - Other,recovery,Recycling,392514.708
Lake,Wood Waste,disposal,Landfilling,466585.0846
Lake,Wood Waste,recovery,Combustion,234254.632
Lake,Wood Waste,recovery,Composting,21833.389
Lake,Wood Waste,recovery,Recycling,32810.509
Lake,Yard Debris,disposal,Landfilling,96569.43587
Lake,Yard Debris,recovery,Combustion,57171.355
Lake,Yard Debris,recovery,Composting,471081.654
Lane,Cardboard/Kraft,disposal,Landfilling,106729.6716
Lane,Cardboard/Kraft,recovery,Recycling,365903.424
Lane,Electronics,disposal,Landfilling,25484.88131
Lane,Electronics,recovery,Recycling,18338.647
Lane,FoodWaste,disposal,Landfilling,443682.0931
Lane,FoodWaste,recovery,Combustion,1063
Lane,FoodWaste,recovery,Composting,56054.966
Lane,Misc. nonrecyclables,disposal,Landfilling,514038.5238
Lane,Paper Fiber,disposal,Landfilling,368512.1445
Lane,Paper Fiber,recovery,Recycling,267205.148
Lane,Plastic Film,disposal,Landfilling,161048.1205
Lane,Plastic Film,recovery,Recycling,15869.845
Lane,Plastic Other,disposal,Landfilling,145882.1949
Lane,Plastic Other,recovery,Combustion,239.579
Lane,Plastic Other,recovery,Recycling,12998.757
Lane,Scrap Metal - Other,disposal,Landfilling,101875.7117
Lane,Scrap Metal - Other,recovery,Recycling,392514.708
Lane,Wood Waste,disposal,Landfilling,466585.0846
Lane,Wood Waste,recovery,Combustion,234254.632
Lane,Wood Waste,recovery,Composting,21833.389
Lane,Wood Waste,recovery,Recycling,32810.509
Lane,Yard Debris,disposal,Landfilling,96569.43587
Lane,Yard Debris,recovery,Combustion,57171.355
Lane,Yard Debris,recovery,Composting,471081.654
Lincoln,Cardboard/Kraft,disposal,Landfilling,106729.6716
Lincoln,Cardboard/Kraft,recovery,Recycling,365903.424
Lincoln,Electronics,disposal,Landfilling,25484.88131
Lincoln,Electronics,recovery,Recycling,18338.647
Lincoln,FoodWaste,disposal,Landfilling,443682.0931
Lincoln,FoodWaste,recovery,Combustion,1063
Lincoln,FoodWaste,recovery,Composting,56054.966
Lincoln,Misc. nonrecyclables,disposal,Landfilling,514038.5238
Lincoln,Paper Fiber,disposal,Landfilling,368512.1445
Lincoln,Paper Fiber,recovery,Recycling,267205.148
Lincoln,Plastic Film,disposal,Landfilling,161048.1205
Lincoln,Plastic Film,recovery,Recycling,15869.845
Lincoln,Plastic Other,disposal,Landfilling,145882.1949
Lincoln,Plastic Other,recovery,Combustion,239.579
Lincoln,Plastic Other,recovery,Recycling,12998.757
Lincoln,Scrap Metal - Other,disposal,Landfilling,101875.7117
Lincoln,Scrap Metal - Other,recovery,Recycling,392514.708
Lincoln,Wood Waste,disposal,Landfilling,466585.0846
Lincoln,Wood Waste,recovery,Combustion,234254.632
Lincoln,Wood Waste,recovery,Composting,21833.389
Lincoln,Wood Waste,recovery,Recycling,32810.509
Lincoln,Yard Debris,disposal,Landfilling,96569.43587
Lincoln,Yard Debris,recovery,Combustion,57171.355
Lincoln,Yard Debris,recovery,Composting,471081.654
Linn,Cardboard/Kraft,disposal,Landfilling,106729.6716
Linn,Cardboard/Kraft,recovery,Recycling,365903.424
Linn,Electronics,disposal,Landfilling,25484.88131
Linn,Electronics,recovery,Recycling,18338.647
Linn,FoodWaste,disposal,Landfilling,443682.0931
Linn,FoodWaste,recovery,Combustion,1063
Linn,FoodWaste,recovery,Composting,56054.966
Linn,Misc. nonrecyclables,disposal,Landfilling,514038.5238
Linn,Paper Fiber,disposal,Landfilling,368512.1445
Linn,Paper Fiber,recovery,Recycling,267205.148
Linn,Plastic Film,disposal,Landfilling,161048.1205
Linn,Plastic Film,recovery,Recycling,15869.845
Linn,Plastic Other,disposal,Landfilling,145882.1949
Linn,Plastic Other,recovery,Combustion,239.579
Linn,Plastic Other,recovery,Recycling,12998.757
Linn,Scrap Metal - Other,disposal,Landfilling,101875.7117
Linn,Scrap Metal - Other,recovery,Recycling,392514.708
Linn,Wood Waste,disposal,Landfilling,466585.0846
Linn,Wood Waste,recovery,Combustion,234254.632
Linn,Wood Waste,recovery,Composting,21833.389
Linn,Wood Waste,recovery,Recycling,32810.509
Linn,Yard Debris,disposal,Landfilling,96569.43587
Linn,Yard Debris,recovery,Combustion,57171.355
Linn,Yard Debris,recovery,Composting,471081.654
Malheur,Cardboard/Kraft,disposal,Landfilling,106729.6716
Malheur,Cardboard/Kraft,recovery,Recycling,365903.424
Malheur,Electronics,disposal,Landfilling,25484.88131
Malheur,Electronics,recovery,Recycling,18338.647
Malheur,FoodWaste,disposal,Landfilling,443682.0931
Malheur,FoodWaste,recovery,Combustion,1063
Malheur,FoodWaste,recovery,Composting,56054.966
Malheur,Misc. nonrecyclables,disposal,Landfilling,514038.5238
Malheur,Paper Fiber,disposal,Landfilling,368512.1445
Malheur,Paper Fiber,recovery,Recycling,267205.148
Malheur,Plastic Film,disposal,Landfilling,161048.1205
Malheur,Plastic Film,recovery,Recycling,15869.845
Malheur,Plastic Other,disposal,Landfilling,145882.1949
Malheur,Plastic Other,recovery,Combustion,239.579
Malheur,Plastic Other,recovery,Recycling,12998.757
Malheur,Scrap Metal - Other,disposal,Landfilling,101875.7117
Malheur,Scrap Metal - Other,recovery,Recycling,392514.708
Malheur,Wood Waste,disposal,Landfilling,466585.0846
Malheur,Wood Waste,recovery,Combustion,234254.632
Malheur,Wood Waste,recovery,Composting,21833.389
Malheur,Wood Waste,recovery,Recycling,32810.509
Malheur,Yard Debris,disposal,Landfilling,96569.43587
Malheur,Yard Debris,recovery,Combustion,57171.355
Malheur,Yard Debris,recovery,Composting,471081.654
Marion,Cardboard/Kraft,disposal,Landfilling,106729.6716
Marion,Cardboard/Kraft,recovery,Recycling,365903.424
Marion,Electronics,disposal,Landfilling,25484.88131
Marion,Electronics,recovery,Recycling,18338.647
Marion,FoodWaste,disposal,Landfilling,443682.0931
Marion,FoodWaste,recovery,Combustion,1063
Marion,FoodWaste,recovery,Composting,56054.966
Marion,Misc. nonrecyclables,disposal,Landfilling,514038.5238
Marion,Paper Fiber,disposal,Landfilling,368512.1445
Marion,Paper Fiber,recovery,Recycling,267205.148
Marion,Plastic Film,disposal,Landfilling,161048.1205
Marion,Plastic Film,recovery,Recycling,15869.845
Marion,Plastic Other,disposal,Landfilling,145882.1949
Marion,Plastic Other,recovery,Combustion,239.579
Marion,Plastic Other,recovery,Recycling,12998.757
Marion,Scrap Metal - Other,disposal,Landfilling,101875.7117
Marion,Scrap Metal - Other,recovery,Recycling,392514.708
Marion,Wood Waste,disposal,Landfilling,466585.0846
Marion,Wood Waste,recovery,Combustion,234254.632
Marion,Wood Waste,recovery,Composting,21833.389
Marion,Wood Waste,recovery,Recycling,32810.509
Marion,Yard Debris,disposal,Landfilling,96569.43587
Marion,Yard Debris,recovery,Combustion,57171.355
Marion,Yard Debris,recovery,Composting,471081.654
Metro,Cardboard/Kraft,disposal,Landfilling,106729.6716
Metro,Cardboard/Kraft,recovery,Recycling,365903.424
Metro,Electronics,disposal,Landfilling,25484.88131
Metro,Electronics,recovery,Recycling,18338.647
Metro,FoodWaste,disposal,Landfilling,443682.0931
Metro,FoodWaste,recovery,Combustion,1063
Metro,FoodWaste,recovery,Composting,56054.966
Metro,Misc. nonrecyclables,disposal,Landfilling,514038.5238
Metro,Paper Fiber,disposal,Landfilling,368512.1445
Metro,Paper Fiber,recovery,Recycling,267205.148
Metro,Plastic Film,disposal,Landfilling,161048.1205
Metro,Plastic Film,recovery,Recycling,15869.845
Metro,Plastic Other,disposal,Landfilling,145882.1949
Metro,Plastic Other,recovery,Combustion,239.579
Metro,Plastic Other,recovery,Recycling,12998.757
Metro,Scrap Metal - Other,disposal,Landfilling,101875.7117
Metro,Scrap Metal - Other,recovery,Recycling,392514.708
Metro,Wood Waste,disposal,Landfilling,466585.0846
Metro,Wood Waste,recovery,Combustion,234254.632
Metro,Wood Waste,recovery,Composting,21833.389
Metro,Wood Waste,recovery,Recycling,32810.509
Metro,Yard Debris,disposal,Landfilling,96569.43587
Metro,Yard Debris,recovery,Combustion,57171.355
Metro,Yard Debris,recovery,Composting,471081.654
Milton Freewater,Cardboard/Kraft,disposal,Landfilling,106729.6716
Milton Freewater,Cardboard/Kraft,recovery,Recycling,365903.424
Milton Freewater,Electronics,disposal,Landfilling,25484.88131
Milton Freewater,Electronics,recovery,Recycling,18338.647
Milton Freewater,FoodWaste,disposal,Landfilling,443682.0931
Milton Freewater,FoodWaste,recovery,Combustion,1063
Milton Freewater,FoodWaste,recovery,Composting,56054.966
Milton Freewater,Misc. nonrecyclables,disposal,Landfilling,514038.5238
Milton Freewater,Paper Fiber,disposal,Landfilling,368512.1445
Milton Freewater,Paper Fiber,recovery,Recycling,267205.148
Milton Freewater,Plastic Film,disposal,Landfilling,161048.1205
Milton Freewater,Plastic Film,recovery,Recycling,15869.845
Milton Freewater,Plastic Other,disposal,Landfilling,145882.1949
Milton Freewater,Plastic Other,recovery,Combustion,239.579
Milton Freewater,Plastic Other,recovery,Recycling,12998.757
Milton Freewater,Scrap Metal - Other,disposal,Landfilling,101875.7117
Milton Freewater,Scrap Metal - Other,recovery,Recycling,392514.708
Milton Freewater,Wood Waste,disposal,Landfilling,466585.0846
Milton Freewater,Wood Waste,recovery,Combustion,234254.632
Milton Freewater,Wood Waste,recovery,Composting,21833.389
Milton Freewater,Wood Waste,recovery,Recycling,32810.509
Milton Freewater,Yard Debris,disposal,Landfilling,96569.43587
Milton Freewater,Yard Debris,recovery,Combustion,57171.355
Milton Freewater,Yard Debris,recovery,Composting,471081.654
Morrow,Cardboard/Kraft,disposal,Landfilling,106729.6716
Morrow,Cardboard/Kraft,recovery,Recycling,365903.424
Morrow,Electronics,disposal,Landfilling,25484.88131
Morrow,Electronics,recovery,Recycling,18338.647
Morrow,FoodWaste,disposal,Landfilling,443682.0931
Morrow,FoodWaste,recovery,Combustion,1063
Morrow,FoodWaste,recovery,Composting,56054.966
Morrow,Misc. nonrecyclables,disposal,Landfilling,514038.5238
Morrow,Paper Fiber,disposal,Landfilling,368512.1445
Morrow,Paper Fiber,recovery,Recycling,267205.148
Morrow,Plastic Film,disposal,Landfilling,161048.1205
Morrow,Plastic Film,recovery,Recycling,15869.845
Morrow,Plastic Other,disposal,Landfilling,145882.1949
Morrow,Plastic Other,recovery,Combustion,239.579
Morrow,Plastic Other,recovery,Recycling,12998.757
Morrow,Scrap Metal - Other,disposal,Landfilling,101875.7117
Morrow,Scrap Metal - Other,recovery,Recycling,392514.708
Morrow,Wood Waste,disposal,Landfilling,466585.0846
Morrow,Wood Waste,recovery,Combustion,234254.632
Morrow,Wood Waste,recovery,Composting,21833.389
Morrow,Wood Waste,recovery,Recycling,32810.509
Morrow,Yard Debris,disposal,Landfilling,96569.43587
Morrow,Yard Debris,recovery,Combustion,57171.355
Morrow,Yard Debris,recovery,Composting,471081.654
Polk,Cardboard/Kraft,disposal,Landfilling,106729.6716
Polk,Cardboard/Kraft,recovery,Recycling,365903.424
Polk,Electronics,disposal,Landfilling,25484.88131
Polk,Electronics,recovery,Recycling,18338.647
Polk,FoodWaste,disposal,Landfilling,443682.0931
Polk,FoodWaste,recovery,Combustion,1063
Polk,FoodWaste,recovery,Composting,56054.966
Polk,Misc. nonrecyclables,disposal,Landfilling,514038.5238
Polk,Paper Fiber,disposal,Landfilling,368512.1445
Polk,Paper Fiber,recovery,Recycling,267205.148
Polk,Plastic Film,disposal,Landfilling,161048.1205
Polk,Plastic Film,recovery,Recycling,15869.845
Polk,Plastic Other,disposal,Landfilling,145882.1949
Polk,Plastic Other,recovery,Combustion,239.579
Polk,Plastic Other,recovery,Recycling,12998.757
Polk,Scrap Metal - Other,disposal,Landfilling,101875.7117
Polk,Scrap Metal - Other,recovery,Recycling,392514.708
Polk,Wood Waste,disposal,Landfilling,466585.0846
Polk,Wood Waste,recovery,Combustion,234254.632
Polk,Wood Waste,recovery,Composting,21833.389
Polk,Wood Waste,recovery,Recycling,32810.509
Polk,Yard Debris,disposal,Landfilling,96569.43587
Polk,Yard Debris,recovery,Combustion,57171.355
Polk,Yard Debris,recovery,Composting,471081.654
Sherman,Cardboard/Kraft,disposal,Landfilling,106729.6716
Sherman,Cardboard/Kraft,recovery,Recycling,365903.424
Sherman,Electronics,disposal,Landfilling,25484.88131
Sherman,Electronics,recovery,Recycling,18338.647
Sherman,FoodWaste,disposal,Landfilling,443682.0931
Sherman,FoodWaste,recovery,Combustion,1063
Sherman,FoodWaste,recovery,Composting,56054.966
Sherman,Misc. nonrecyclables,disposal,Landfilling,514038.5238
Sherman,Paper Fiber,disposal,Landfilling,368512.1445
Sherman,Paper Fiber,recovery,Recycling,267205.148
Sherman,Plastic Film,disposal,Landfilling,161048.1205
Sherman,Plastic Film,recovery,Recycling,15869.845
Sherman,Plastic Other,disposal,Landfilling,145882.1949
Sherman,Plastic Other,recovery,Combustion,239.579
Sherman,Plastic Other,recovery,Recycling,12998.757
Sherman,Scrap Metal - Other,disposal,Landfilling,101875.7117
Sherman,Scrap Metal - Other,recovery,Recycling,392514.708
Sherman,Wood Waste,disposal,Landfilling,466585.0846
Sherman,Wood Waste,recovery,Combustion,234254.632
Sherman,Wood Waste,recovery,Composting,21833.389
Sherman,Wood Waste,recovery,Recycling,32810.509
Sherman,Yard Debris,disposal,Landfilling,96569.43587
Sherman,Yard Debris,recovery,Combustion,57171.355
Sherman,Yard Debris,recovery,Composting,471081.654
Tillamook,Cardboard/Kraft,disposal,Landfilling,106729.6716
Tillamook,Cardboard/Kraft,recovery,Recycling,365903.424
Tillamook,Electronics,disposal,Landfilling,25484.88131
Tillamook,Electronics,recovery,Recycling,18338.647
Tillamook,FoodWaste,disposal,Landfilling,443682.0931
Tillamook,FoodWaste,recovery,Combustion,1063
Tillamook,FoodWaste,recovery,Composting,56054.966
Tillamook,Misc. nonrecyclables,disposal,Landfilling,514038.5238
Tillamook,Paper Fiber,disposal,Landfilling,368512.1445
Tillamook,Paper Fiber,recovery,Recycling,267205.148
Tillamook,Plastic Film,disposal,Landfilling,161048.1205
Tillamook,Plastic Film,recovery,Recycling,15869.845
Tillamook,Plastic Other,disposal,Landfilling,145882.1949
Tillamook,Plastic Other,recovery,Combustion,239.579
Tillamook,Plastic Other,recovery,Recycling,12998.757
Tillamook,Scrap Metal - Other,disposal,Landfilling,101875.7117
Tillamook,Scrap Metal - Other,recovery,Recycling,392514.708
Tillamook,Wood Waste,disposal,Landfilling,466585.0846
Tillamook,Wood Waste,recovery,Combustion,234254.632
Tillamook,Wood Waste,recovery,Composting,21833.389
Tillamook,Wood Waste,recovery,Recycling,32810.509
Tillamook,Yard Debris,disposal,Landfilling,96569.43587
Tillamook,Yard Debris,recovery,Combustion,57171.355
Tillamook,Yard Debris,recovery,Composting,471081.654
Umatilla,Cardboard/Kraft,disposal,Landfilling,106729.6716
Umatilla,Cardboard/Kraft,recovery,Recycling,365903.424
Umatilla,Electronics,disposal,Landfilling,25484.88131
Umatilla,Electronics,recovery,Recycling,18338.647
Umatilla,FoodWaste,disposal,Landfilling,443682.0931
Umatilla,FoodWaste,recovery,Combustion,1063
Umatilla,FoodWaste,recovery,Composting,56054.966
Umatilla,Misc. nonrecyclables,disposal,Landfilling,514038.5238
Umatilla,Paper Fiber,disposal,Landfilling,368512.1445
Umatilla,Paper Fiber,recovery,Recycling,267205.148
Umatilla,Plastic Film,disposal,Landfilling,161048.1205
Umatilla,Plastic Film,recovery,Recycling,15869.845
Umatilla,Plastic Other,disposal,Landfilling,145882.1949
Umatilla,Plastic Other,recovery,Combustion,239.579
Umatilla,Plastic Other,recovery,Recycling,12998.757
Umatilla,Scrap Metal - Other,disposal,Landfilling,101875.7117
Umatilla,Scrap Metal - Other,recovery,Recycling,392514.708
Umatilla,Wood Waste,disposal,Landfilling,466585.0846
Umatilla,Wood Waste,recovery,Combustion,234254.632
Umatilla,Wood Waste,recovery,Composting,21833.389
Umatilla,Wood Waste,recovery,Recycling,32810.509
Umatilla,Yard Debris,disposal,Landfilling,96569.43587
Umatilla,Yard Debris,recovery,Combustion,57171.355
Umatilla,Yard Debris,recovery,Composting,471081.654
Union,Cardboard/Kraft,disposal,Landfilling,106729.6716
Union,Cardboard/Kraft,recovery,Recycling,365903.424
Union,Electronics,disposal,Landfilling,25484.88131
Union,Electronics,recovery,Recycling,18338.647
Union,FoodWaste,disposal,Landfilling,443682.0931
Union,FoodWaste,recovery,Combustion,1063
Union,FoodWaste,recovery,Composting,56054.966
Union,Misc. nonrecyclables,disposal,Landfilling,514038.5238
Union,Paper Fiber,disposal,Landfilling,368512.1445
Union,Paper Fiber,recovery,Recycling,267205.148
Union,Plastic Film,disposal,Landfilling,161048.1205
Union,Plastic Film,recovery,Recycling,15869.845
Union,Plastic Other,disposal,Landfilling,145882.1949
Union,Plastic Other,recovery,Combustion,239.579
Union,Plastic Other,recovery,Recycling,12998.757
Union,Scrap Metal - Other,disposal,Landfilling,101875.7117
Union,Scrap Metal - Other,recovery,Recycling,392514.708
Union,Wood Waste,disposal,Landfilling,466585.0846
Union,Wood Waste,recovery,Combustion,234254.632
Union,Wood Waste,recovery,Composting,21833.389
Union,Wood Waste,recovery,Recycling,32810.509
Union,Yard Debris,disposal,Landfilling,96569.43587
Union,Yard Debris,recovery,Combustion,57171.355
Union,Yard Debris,recovery,Composting,471081.654
Wallowa,Cardboard/Kraft,disposal,Landfilling,106729.6716
Wallowa,Cardboard/Kraft,recovery,Recycling,365903.424
Wallowa,Electronics,disposal,Landfilling,25484.88131
Wallowa,Electronics,recovery,Recycling,18338.647
Wallowa,FoodWaste,disposal,Landfilling,443682.0931
Wallowa,FoodWaste,recovery,Combustion,1063
Wallowa,FoodWaste,recovery,Composting,56054.966
Wallowa,Misc. nonrecyclables,disposal,Landfilling,514038.5238
Wallowa,Paper Fiber,disposal,Landfilling,368512.1445
Wallowa,Paper Fiber,recovery,Recycling,267205.148
Wallowa,Plastic Film,disposal,Landfilling,161048.1205
Wallowa,Plastic Film,recovery,Recycling,15869.845
Wallowa,Plastic Other,disposal,Landfilling,145882.1949
Wallowa,Plastic Other,recovery,Combustion,239.579
Wallowa,Plastic Other,recovery,Recycling,12998.757
Wallowa,Scrap Metal - Other,disposal,Landfilling,101875.7117
Wallowa,Scrap Metal - Other,recovery,Recycling,392514.708
Wallowa,Wood Waste,disposal,Landfilling,466585.0846
Wallowa,Wood Waste,recovery,Combustion,234254.632
Wallowa,Wood Waste,recovery,Composting,21833.389
Wallowa,Wood Waste,recovery,Recycling,32810.509
Wallowa,Yard Debris,disposal,Landfilling,96569.43587
Wallowa,Yard Debris,recovery,Combustion,57171.355
Wallowa,Yard Debris,recovery,Composting,471081.654
Wasco,Cardboard/Kraft,disposal,Landfilling,106729.6716
Wasco,Cardboard/Kraft,recovery,Recycling,365903.424
Wasco,Electronics,disposal,Landfilling,25484.88131
Wasco,Electronics,recovery,Recycling,18338.647
Wasco,FoodWaste,disposal,Landfilling,443682.0931
Wasco,FoodWaste,recovery,Combustion,1063
Wasco,FoodWaste,recovery,Composting,56054.966
Wasco,Misc. nonrecyclables,disposal,Landfilling,514038.5238
Wasco,Paper Fiber,disposal,Landfilling,368512.1445
Wasco,Paper Fiber,recovery,Recycling,267205.148
Wasco,Plastic Film,disposal,Landfilling,161048.1205
Wasco,Plastic Film,recovery,Recycling,15869.845
Wasco,Plastic Other,disposal,Landfilling,145882.1949
Wasco,Plastic Other,recovery,Combustion,239.579
Wasco,Plastic Other,recovery,Recycling,12998.757
Wasco,Scrap Metal - Other,disposal,Landfilling,101875.7117
Wasco,Scrap Metal - Other,recovery,Recycling,392514.708
Wasco,Wood Waste,disposal,Landfilling,466585.0846
Wasco,Wood Waste,recovery,Combustion,234254.632
Wasco,Wood Waste,recovery,Composting,21833.389
Wasco,Wood Waste,recovery,Recycling,32810.509
Wasco,Yard Debris,disposal,Landfilling,96569.43587
Wasco,Yard Debris,recovery,Combustion,57171.355
Wasco,Yard Debris,recovery,Composting,471081.654
Wheeler,Cardboard/Kraft,disposal,Landfilling,106729.6716
Wheeler,Cardboard/Kraft,recovery,Recycling,365903.424
Wheeler,Electronics,disposal,Landfilling,25484.88131
Wheeler,Electronics,recovery,Recycling,18338.647
Wheeler,FoodWaste,disposal,Landfilling,443682.0931
Wheeler,FoodWaste,recovery,Combustion,1063
Wheeler,FoodWaste,recovery,Composting,56054.966
Wheeler,Misc. nonrecyclables,disposal,Landfilling,514038.5238
Wheeler,Paper Fiber,disposal,Landfilling,368512.1445
Wheeler,Paper Fiber,recovery,Recycling,267205.148
Wheeler,Plastic Film,disposal,Landfilling,161048.1205
Wheeler,Plastic Film,recovery,Recycling,15869.845
Wheeler,Plastic Other,disposal,Landfilling,145882.1949
Wheeler,Plastic Other,recovery,Combustion,239.579
Wheeler,Plastic Other,recovery,Recycling,12998.757
Wheeler,Scrap Metal - Other,disposal,Landfilling,101875.7117
Wheeler,Scrap Metal - Other,recovery,Recycling,392514.708
Wheeler,Wood Waste,disposal,Landfilling,466585.0846
Wheeler,Wood Waste,recovery,Combustion,234254.632
Wheeler,Wood Waste,recovery,Composting,21833.389
Wheeler,Wood Waste,recovery,Recycling,32810.509
Wheeler,Yard Debris,disposal,Landfilling,96569.43587
Wheeler,Yard Debris,recovery,Combustion,57171.355
Wheeler,Yard Debris,recovery,Composting,471081.654
Yamhill,Cardboard/Kraft,disposal,Landfilling,106729.6716
Yamhill,Cardboard/Kraft,recovery,Recycling,365903.424
Yamhill,Electronics,disposal,Landfilling,25484.88131
Yamhill,Electronics,recovery,Recycling,18338.647
Yamhill,FoodWaste,disposal,Landfilling,443682.0931
Yamhill,FoodWaste,recovery,Combustion,1063
Yamhill,FoodWaste,recovery,Composting,56054.966
Yamhill,Misc. nonrecyclables,disposal,Landfilling,514038.5238
Yamhill,Paper Fiber,disposal,Landfilling,368512.1445
Yamhill,Paper Fiber,recovery,Recycling,267205.148
Yamhill,Plastic Film,disposal,Landfilling,161048.1205
Yamhill,Plastic Film,recovery,Recycling,15869.845
Yamhill,Plastic Other,disposal,Landfilling,145882.1949
Yamhill,Plastic Other,recovery,Combustion,239.579
Yamhill,Plastic Other,recovery,Recycling,12998.757
Yamhill,Scrap Metal - Other,disposal,Landfilling,101875.7117
Yamhill,Scrap Metal - Other,recovery,Recycling,392514.708
Yamhill,Wood Waste,disposal,Landfilling,466585.0846
Yamhill,Wood Waste,recovery,Combustion,234254.632
Yamhill,Wood Waste,recovery,Composting,21833.389
Yamhill,Wood Waste,recovery,Recycling,32810.509
Yamhill,Yard Debris,disposal,Landfilling,96569.43587
Yamhill,Yard Debris,recovery,Combustion,57171.355
Yamhill,Yard Debris,recovery,Composting,471081.654
